actor,movie_or_TV_name
Timothée Chalamet,Hollywood Insider
Timothée Chalamet,Find Me
Timothée Chalamet,A Complete Unknown
Timothée Chalamet,Dune: Part Two
Timothée Chalamet,Wonka
Timothée Chalamet,The Enigmatic Charlotte Rampling
Timothée Chalamet,Bones and All
Timothée Chalamet,Entergalactic
Timothée Chalamet,Don't Look Up
Timothée Chalamet,A Man Named Scott
Timothée Chalamet,The French Dispatch
Timothée Chalamet,Dune
Timothée Chalamet,We Are Who We Are
Timothée Chalamet,Little Women
Timothée Chalamet,The King
Timothée Chalamet,A Rainy Day in New York
Timothée Chalamet,Art of Style: Jean Cocteau
Timothée Chalamet,Beautiful Boy
Timothée Chalamet,Hot Summer Nights
Timothée Chalamet,Snapshots of Italy: The Making of Call Me By Your Name
Timothée Chalamet,Hostiles
Timothée Chalamet,Great Performers: Horror Show
Timothée Chalamet,Lady Bird
Timothée Chalamet,Call Me by Your Name
Timothée Chalamet,Miss Stevens
Timothée Chalamet,The Adderall Diaries
Timothée Chalamet,Love the Coopers
Timothée Chalamet,The Late Show with Stephen Colbert
Timothée Chalamet,One & Two
Timothée Chalamet,Close Up with The Hollywood Reporter
Timothée Chalamet,Variety Studio: Actors on Actors
Timothée Chalamet,Interstellar
Timothée Chalamet,Worst Friends
Timothée Chalamet,Spinners
Timothée Chalamet,"Men, Women & Children"
Timothée Chalamet,Late Night with Seth Meyers
Timothée Chalamet,The Tonight Show Starring Jimmy Fallon
Timothée Chalamet,Homeland
Timothée Chalamet,Royal Pains
Timothée Chalamet,Loving Leah
Timothée Chalamet,Clown
Timothée Chalamet,Butcher's Hill
Timothée Chalamet,The Graham Norton Show
Timothée Chalamet,Leute heute
Timothée Chalamet,Law & Order
Timothée Chalamet,Saturday Night Live
Timothée Chalamet,The Oscars
Luan Gallagher,Quando Se É Jovem
Luan Gallagher,Wonka
Luan Gallagher,Don't Look Up
Gustave Die,Wonka
Gustave Die,Barbie
Bertie Caplan,Wonka
Bertie Caplan,Carnival Row
Matilda Tucker,Wonka
Ellie Blake,Wonka
Macie Blake,Wonka
Susie Fairfax,Wonka
Susie Fairfax,Trust
Susie Fairfax,Mrs. Dalloway
Susie Fairfax,Circles Of Deceit
Susie Fairfax,Reilly: Ace of Spies
Millie O'Donnell,Wonka
Robyn Rose,Wonka
Robyn Rose,Fandango
Marina Bye,Wonka
Marina Bye,Film Stars Don't Die in Liverpool
Marina Bye,Breathe
Marina Bye,How to Talk to Girls at Parties
Lola Shepelev,Wonka
Lola Shepelev,The Larkins
Paul G. Raymond,Wonka
Paul G. Raymond,Everything Will Change
Paul G. Raymond,Buffering
Paul G. Raymond,Silky Hotel
Paul G. Raymond,Starstruck
Paul G. Raymond,Bridgerton
Paul G. Raymond,Avenue 5
Paul G. Raymond,Travelooper
Paul G. Raymond,Black Mirror
Bleu Woodward,Wonka
Alison Pargeter,Wonka
Alison Pargeter,The Nevers
Alison Pargeter,Catch-22
Alison Pargeter,Chernobyl
Alison Pargeter,You
Alison Pargeter,The Little Stranger
Alison Pargeter,The Crown
Alison Pargeter,Suspicion
Alison Pargeter,Outlander
Alison Pargeter,Father Brown
Alison Pargeter,Rock & Chips
Alison Pargeter,Rock & Chips
Alison Pargeter,Angel
Alison Pargeter,Calendar Girls
Alison Pargeter,Strange
Alison Pargeter,Holby City
Alison Pargeter,Dalziel & Pascoe
Alison Pargeter,The Bill
Ben Howard,Wonka
Ben Howard,The Grand Budapest Hotel
Jack Brown,Wonka
Muzz Khan,Wonka
Muzz Khan,Wolfe
Muzz Khan,The Feed
Muzz Khan,Brassic
Muzz Khan,Year of the Rabbit
Muzz Khan,Death on the Tyne
Muzz Khan,Redwood
Muzz Khan,Me Before You
Muzz Khan,Galavant
Muzz Khan,National Theatre Live: Behind the Beautiful Forevers
Muzz Khan,The Hatching
Muzz Khan,Beyond the Pale
Muzz Khan,Black Mirror
Muzz Khan,Bradford Riots
Dominic Coleman,The Jetty
Dominic Coleman,Wonka
Dominic Coleman,Bridgerton
Dominic Coleman,Behind the Filter
Dominic Coleman,His House
Dominic Coleman,Miranda: My Such Fun Celebration
Dominic Coleman,Brassic
Dominic Coleman,The Mind of Herbert Clunkerdunk
Dominic Coleman,Yesterday
Dominic Coleman,Head Full of Honey
Dominic Coleman,Twelfth Night
Dominic Coleman,Shakespeare & Hathaway - Private Investigators
Dominic Coleman,The Overcoat
Dominic Coleman,Bridget Jones's Baby
Dominic Coleman,Upstart Crow
Dominic Coleman,The Delivery Man
Dominic Coleman,Paddington
Dominic Coleman,Suspects
Dominic Coleman,We Are the Freaks
Dominic Coleman,Up the Women
Dominic Coleman,Heading Out
Dominic Coleman,White Heat
Dominic Coleman,Weekend Retreat
Dominic Coleman,Death in Paradise
Dominic Coleman,Spy
Dominic Coleman,Trollied
Dominic Coleman,The Increasingly Poor Decisions of Todd Margaret
Dominic Coleman,The Catherine Tate Show: Nan's Christmas Carol
Dominic Coleman,Big Top
Dominic Coleman,Psychoville
Dominic Coleman,Krod Mandoon and the Flaming Sword of Fire
Dominic Coleman,Brave Young Men
Dominic Coleman,Clubbed
Dominic Coleman,Stuart: A Life Backwards
Dominic Coleman,The Ruby in the Smoke
Dominic Coleman,Pulling
Dominic Coleman,Torchwood
Dominic Coleman,Land of the Blind
Dominic Coleman,Special People
Dominic Coleman,Sex Lives of the Potato Men
Dominic Coleman,Life Begins
Dominic Coleman,Little Clumps of Hair
Dominic Coleman,Keen Eddie
Dominic Coleman,Red Cap
Dominic Coleman,Dead Gorgeous
Dominic Coleman,Large
Dominic Coleman,Red Dwarf
Tracy Ifeachor,Wonka
Tracy Ifeachor,Mayflies
Tracy Ifeachor,Treason
Tracy Ifeachor,Showtrial
Tracy Ifeachor,Confetti
Tracy Ifeachor,Treadstone
Tracy Ifeachor,Black Fish
Tracy Ifeachor,Take Down
Tracy Ifeachor,DC's Legends of Tomorrow
Tracy Ifeachor,Quantico
Tracy Ifeachor,Crossbones
Tracy Ifeachor,The Originals
Tracy Ifeachor,Blooded
Tracy Ifeachor,Hawaii Five-0
Tracy Ifeachor,Doctor Who: The End of Time
Jane Bertish,Wonka
Jane Bertish,The Lazarus Project
Jane Bertish,Ted Lasso
Jane Bertish,"You, Me and the Apocalypse"
Jane Bertish,Black Mirror
Jane Bertish,Dead Clever: The Life and Crimes of Julie Bottomley
Jane Bertish,The Roman Spring of Mrs. Stone
Jane Bertish,Bodywork
Jane Bertish,Sword of Honour
Jane Bertish,Midsomer Murders
Jane Bertish,Seeing in the Dark
Jane Bertish,Paperhouse
Jane Bertish,Dance with a Stranger
Jane Bertish,Quatermass
Jane Bertish,The Quatermass Conclusion
Tim Fitzhigham,How Dirty Can I Get?
Tim Fitzhigham,Wonka
Tim Fitzhigham,After Life
Tim Fitzhigham,Paddington 2
Tim Fitzhigham,Rhonna & Donna
Tim Fitzhigham,Super Human Challenge
Tim Fitzhigham,Hereafter
Tim Fitzhigham,Desperate Romantics
Michael Abubakar,Wonka
Michael Abubakar,Crime
Michael Abubakar,RSC Live: King John
Michael Abubakar,The Tragedy of Macbeth
Michael Abubakar,Annika
Michael Abubakar,Artemis Fowl
Michael Abubakar,Motherland
Michael Abubakar,Trust Me
Michael Abubakar,Horrible Histories
Justin Edwards,Wonka
Justin Edwards,Tuesday
Justin Edwards,The Gold
Justin Edwards,Empire of Light
Justin Edwards,It's Dog to Make A Houseplant If You're Sandwich
Justin Edwards,The Other Half
Justin Edwards,The Witchfinder
Justin Edwards,The Trip to Greece
Justin Edwards,Avenue 5
Justin Edwards,1917
Justin Edwards,Yesterday
Justin Edwards,Ghosts
Justin Edwards,Paddington 2
Justin Edwards,The Death of Stalin
Justin Edwards,The Man Who Invented Christmas
Justin Edwards,The Trip to Spain
Justin Edwards,Are you Being Served
Justin Edwards,Love & Friendship
Justin Edwards,Professor Branestawm Returns
Justin Edwards,Cradle to Grave
Justin Edwards,Bill
Justin Edwards,In and Out of the Kitchen
Justin Edwards,Paddington
Justin Edwards,The Riot Club
Justin Edwards,Harry & Paul's Story of the 2s
Justin Edwards,W1A
Justin Edwards,Thor: The Dark World
Justin Edwards,Man Down
Justin Edwards,The Murder in Angel Lane
Justin Edwards,Endeavour
Justin Edwards,Father Brown
Justin Edwards,Veep
Justin Edwards,Pramface
Justin Edwards,Black Mirror
Justin Edwards,Death in Paradise
Justin Edwards,Spy
Justin Edwards,Albatross
Justin Edwards,The Trip
Justin Edwards,Fast and Loose
Justin Edwards,Peacock Season
Justin Edwards,Dead Happy
Justin Edwards,Misfits
Justin Edwards,May Contain: Nuts
Justin Edwards,Stewart Lee's Comedy Vehicle
Justin Edwards,The Old Guys
Justin Edwards,The Duchess
Justin Edwards,Headcases
Justin Edwards,Angelo's
Justin Edwards,Secret Diary of a Call Girl
Justin Edwards,Spinners and Losers
Justin Edwards,The Rise of the Nutters
Justin Edwards,Not Going Out
Justin Edwards,Respectable
Justin Edwards,Time Trumpet
Justin Edwards,Mayo
Justin Edwards,Love Soup
Justin Edwards,Harry & Paul
Justin Edwards,The Thick of It
Justin Edwards,The Robinsons
Justin Edwards,Blake's Junction 7
Justin Edwards,Buried Alive
Justin Edwards,Trauma
Justin Edwards,Peep Show
Justin Edwards,Hardware
Justin Edwards,The Orange Tree
Justin Edwards,Black Books
Sophie Winkleman,Belgravia: The Next Chapter
Sophie Winkleman,Wonka
Sophie Winkleman,Sanditon
Sophie Winkleman,Trust
Sophie Winkleman,What About Dick?
Sophie Winkleman,Titanic
Sophie Winkleman,Death in Paradise
Sophie Winkleman,Hot in Cleveland
Sophie Winkleman,100 Questions
Sophie Winkleman,The Palace
Sophie Winkleman,Kingdom
Sophie Winkleman,The Trial of Tony Blair
Sophie Winkleman,Robin Hood
Sophie Winkleman,Lead Balloon
Sophie Winkleman,"The Chronicles of Narnia: The Lion, the Witch and the Wardrobe"
Sophie Winkleman,Harry & Paul
Sophie Winkleman,AD/BC: A Rock Opera
Sophie Winkleman,Suzie Gold
Sophie Winkleman,Two and a Half Men
Sophie Winkleman,Peep Show
Sophie Winkleman,Keen Eddie
Sophie Winkleman,Ultimate Force
Sophie Winkleman,Waking the Dead
Sophie Winkleman,Dalziel & Pascoe
Sophie Winkleman,Agatha Christie's Poirot
Sophie Winkleman,Red Dwarf
Ian Bartholomew,Wonka
Ian Bartholomew,Operation Fortune: Ruse de Guerre
Ian Bartholomew,Kipps - The New Half a Sixpence Musical
Ian Bartholomew,Denial
Ian Bartholomew,DCI Banks
Ian Bartholomew,Florence Nightingale
Ian Bartholomew,Empire
Ian Bartholomew,Making Waves
Ian Bartholomew,New Tricks
Ian Bartholomew,Esther Kahn
Ian Bartholomew,Shiner
Ian Bartholomew,Eisenstein
Ian Bartholomew,The Echo
Ian Bartholomew,Midsomer Murders
Ian Bartholomew,Wycliffe
Ian Bartholomew,Harry
Ian Bartholomew,Frank Stubbs Promotes
Ian Bartholomew,Thacker
Ian Bartholomew,Heartbeat
Ian Bartholomew,The Land of Dreams
Ian Bartholomew,Perfect Scoundrels
Ian Bartholomew,Max and Helen
Ian Bartholomew,A Prayer for the Dying
Ian Bartholomew,Breakout
Ian Bartholomew,The Bill
Ian Bartholomew,The Comic Strip Presents
Ian Bartholomew,Bergerac
Ian Bartholomew,Follow the Star
Ian Bartholomew,Minder
Ian Bartholomew,The Professionals
Ian Bartholomew,Rumpole of the Bailey
Ian Bartholomew,Coronation Street
Isy Suttie,Wonka
Isy Suttie,Dreaming Whilst Black
Isy Suttie,Jewish Britain on Film
Isy Suttie,The Baby
Isy Suttie,Question Team
Isy Suttie,"Murder, They Hope"
Isy Suttie,Hypothetical
Isy Suttie,Pin Cushion
Isy Suttie,"Sex, Chips & Poetry: 50 Years of the Mersey Sound"
Isy Suttie,The Russell Howard Hour
Isy Suttie,Urban Myths
Isy Suttie,The Secret Life of Sue Townsend (Aged 68 3/4)
Isy Suttie,Damned
Isy Suttie,Sarah Chong Is Going to Kill Herself
Isy Suttie,The Attendant
Isy Suttie,Scotland In A Day
Isy Suttie,Boomers
Isy Suttie,The Inbetweeners Go Global
Isy Suttie,Alan Davies: As Yet Untitled
Isy Suttie,8 Out of 10 Cats Does Countdown
Isy Suttie,Charlie Brooker's Weekly Wipe
Isy Suttie,The Cow That Almost Missed Christmas
Isy Suttie,Let’s Go Swimming
Isy Suttie,Get Lucky
Isy Suttie,Robin Ince: Nine Lessons and Carols for Godless People
Isy Suttie,The Angina Monologues
Isy Suttie,Whites
Isy Suttie,Peacock Season
Isy Suttie,Would I Lie to You?
Isy Suttie,8 Out of 10 Cats
Isy Suttie,Peep Show
Isy Suttie,QI
Rufus Jones,Rivals
Rufus Jones,Wonka
Rufus Jones,Hijack
Rufus Jones,FDR
Rufus Jones,The People We Hate at the Wedding
Rufus Jones,Theodore Roosevelt
Rufus Jones,Little Darlings
Rufus Jones,Four Lives
Rufus Jones,Silent Night
Rufus Jones,Creation Stories
Rufus Jones,Frayed
Rufus Jones,Sadie Sparks
Rufus Jones,Home
Rufus Jones,Flack
Rufus Jones,Stan & Ollie
Rufus Jones,Thomas & Friends: Big World! Big Adventures! The Movie
Rufus Jones,Backstage At Live Aid
Rufus Jones,"Eric, Ernie and Me"
Rufus Jones,The Foreigner
Rufus Jones,The Ghoul
Rufus Jones,Urban Myths
Rufus Jones,Thomas & Friends: The Great Race
Rufus Jones,Camping
Rufus Jones,Stag
Rufus Jones,Bill
Rufus Jones,The Casual Vacancy
Rufus Jones,Paddington
Rufus Jones,Original Comedy Shorts
Rufus Jones,W1A
Rufus Jones,Edge of Heaven
Rufus Jones,Inside No. 9
Rufus Jones,House of Fools
Rufus Jones,Honeysuckle
Rufus Jones,Toast of London
Rufus Jones,The Wrong Mans
Rufus Jones,Up the Women
Rufus Jones,The Wright Way
Rufus Jones,Bob Servant
Rufus Jones,Hunderby
Rufus Jones,Lapland
Rufus Jones,Holy Flying Circus
Rufus Jones,Fresh Meat
Rufus Jones,Episodes
Rufus Jones,Mid Morning Matters with Alan Partridge
Rufus Jones,The Increasingly Poor Decisions of Todd Margaret
Rufus Jones,Pete versus Life
Rufus Jones,Mongrels
Rufus Jones,Rock & Chips
Rufus Jones,Rock & Chips
Rufus Jones,Crooked House
Rufus Jones,Sold
Rufus Jones,Lead Balloon
Rufus Jones,Losing It
Rufus Jones,Love Soup
Rufus Jones,The Green Green Grass
Rufus Jones,Extras
Rufus Jones,Agatha Christie's Marple
Rufus Jones,Honorable Men
Rufus Jones,Bedsitcom
Rufus Jones,Peep Show
Rufus Jones,Messiah
Rufus Jones,My Family
Rufus Jones,Midsomer Murders
Phil Wang,Have I Got a Bit More News for You
Phil Wang,Wonka
Phil Wang,Don't Hug Me I'm Scared
Phil Wang,The Best of Netflix Is a Joke: The Festival
Phil Wang,That’s My Time with David Letterman
Phil Wang,David Mitchell's Outsiders
Phil Wang,Never Mind the Buzzcocks
Phil Wang,Phil Wang: Philly Philly Wang Wang
Phil Wang,The Cheap Seats
Phil Wang,Mel Giedroyc: Unforgivable
Phil Wang,Rhod Gilbert's Growing Pains
Phil Wang,Between the Covers
Phil Wang,Guessable
Phil Wang,The First Team
Phil Wang,Kevin McCloud’s Rough Guide to the Future
Phil Wang,Dave Gorman: Terms and Conditions Apply
Phil Wang,The Road to Brexit
Phil Wang,Hypothetical
Phil Wang,The Comedy Lineup
Phil Wang,Jon Richardson: Ultimate Worrier
Phil Wang,Roast Battle
Phil Wang,Richard Osman's House of Games
Phil Wang,The Great British Bake Off: An Extra Slice
Phil Wang,Absolutely Fine
Phil Wang,Phil Wang: Mellow Yellow
Phil Wang,Insert Name Here
Phil Wang,Sarah Chong Is Going to Kill Herself
Phil Wang,Top Coppers
Phil Wang,Taskmaster
Phil Wang,Alan Davies: As Yet Untitled
Phil Wang,Late Night with Seth Meyers
Phil Wang,The Dog Ate My Homework
Phil Wang,Phil Wang: Anti-Hero
Phil Wang,8 Out of 10 Cats Does Countdown
Phil Wang,The Last Leg
Phil Wang,Pointless Celebrities
Phil Wang,Horrible Histories
Phil Wang,Would I Lie to You?
Phil Wang,The Graham Norton Show
Phil Wang,Great British Menu
Phil Wang,8 Out of 10 Cats
Phil Wang,Live at the Apollo
Phil Wang,QI
Phil Wang,Room 101
Phil Wang,Have I Got News for You
Charlotte Ritchie,Wonka
Charlotte Ritchie,Partygate
Charlotte Ritchie,Repeat
Charlotte Ritchie,Feel Good
Charlotte Ritchie,McDonald & Dodds
Charlotte Ritchie,6:23 AM
Charlotte Ritchie,Get Real Dude
Charlotte Ritchie,Ghosts
Charlotte Ritchie,Dead Pixels
Charlotte Ritchie,Capital
Charlotte Ritchie,Man of the Hour
Charlotte Ritchie,You
Charlotte Ritchie,Careful How You Go
Charlotte Ritchie,Taskmaster
Charlotte Ritchie,Raised by Wolves
Charlotte Ritchie,Siblings
Charlotte Ritchie,Benny & Jolene
Charlotte Ritchie,The Portrait
Charlotte Ritchie,Call the Midwife
Charlotte Ritchie,Death in Paradise
Charlotte Ritchie,Fresh Meat
Charlotte Ritchie,8 Out of 10 Cats
Charlotte Ritchie,Doctor Who
Charlotte Ritchie,The Open Doors
Murray McArthur,Seize Them!
Murray McArthur,Wonka
Murray McArthur,The Change
Murray McArthur,Marooned Awakening
Murray McArthur,A Midsummer Night's Dream
Murray McArthur,Wednesday
Murray McArthur,The Northman
Murray McArthur,Watership Down
Murray McArthur,Viking Destiny
Murray McArthur,Outlander
Murray McArthur,Game of Thrones
Murray McArthur,A Congregation of Ghosts
Murray McArthur,Made of Honor
Murray McArthur,The Last Legion
Murray McArthur,Falling Apart
Murray McArthur,Keeping Mum
Murray McArthur,Friends & Crocodiles
Murray McArthur,Doctor Who
Murray McArthur,Foyle's War
Murray McArthur,Endgame
Murray McArthur,Murphy's Law
Murray McArthur,Aquila
Murray McArthur,Heartbeat
Murray McArthur,Tales from the Crypt
Murray McArthur,The Bill
Freya Parker,Wonka
Freya Parker,"Hey, That Tickles!"
Freya Parker,The Wilds
Freya Parker,Don't Hug Me I'm Scared
Freya Parker,Jurassic World Dominion
Freya Parker,Lazy Susan
Freya Parker,Late Night Mash
Freya Parker,The Nevers
Freya Parker,"Lazy Susan: Forgive Me, Mother!"
Freya Parker,Down from London
Freya Parker,Lazy Susan
Freya Parker,The Mash Report
Freya Parker,1066:  A Year to Conquer England
Freya Parker,1066: A Year to Conquer England
Freya Parker,The Void
Freya Parker,United We Fall
Freya Parker,Blue Murder
Colin O'Brien,Wonka
Colin O'Brien,Dear Edward
Colin O'Brien,Mr. Harrigan's Phone
Colin O'Brien,Grey's Anatomy
Sally Hawkins,The Semplica-Girl Diaries
Sally Hawkins,Kensuke's Kingdom
Sally Hawkins,Wonka
Sally Hawkins,The Smeds and the Smoos
Sally Hawkins,Mammals
Sally Hawkins,The Lost King
Sally Hawkins,The Phantom of the Open
Sally Hawkins,A Boy Called Christmas
Sally Hawkins,Spencer
Sally Hawkins,The Snail and the Whale
Sally Hawkins,Eternal Beauty
Sally Hawkins,Godzilla: King of the Monsters
Sally Hawkins,The Shape of Water
Sally Hawkins,Paddington 2
Sally Hawkins,Maudie
Sally Hawkins,Stick Man
Sally Hawkins,The One and Only Mike Leigh
Sally Hawkins,Paddington
Sally Hawkins,Godzilla: Force of Nature
Sally Hawkins,Godzilla
Sally Hawkins,The Double
Sally Hawkins,X+Y
Sally Hawkins,The Phone Call
Sally Hawkins,All Is Bright
Sally Hawkins,Blue Jasmine
Sally Hawkins,Room on the Broom
Sally Hawkins,Great Expectations
Sally Hawkins,The Hollow Crown
Sally Hawkins,Submarine
Sally Hawkins,Jane Eyre
Sally Hawkins,Love Birds
Sally Hawkins,Conan
Sally Hawkins,Made in Dagenham
Sally Hawkins,It's a Wonderful Afterlife
Sally Hawkins,Never Let Me Go
Sally Hawkins,An Education
Sally Hawkins,Happy Ever Afters
Sally Hawkins,Desert Flower
Sally Hawkins,Happy-Go-Lucky
Sally Hawkins,Cassandra's Dream
Sally Hawkins,WΔZ
Sally Hawkins,Persuasion
Sally Hawkins,Shiny Shiny Bright New Hole in My Heart
Sally Hawkins,Hollow China
Sally Hawkins,HG Wells: War with the World
Sally Hawkins,Twenty Thousand Streets Under The Sky
Sally Hawkins,Fingersmith
Sally Hawkins,Vera Drake
Sally Hawkins,Layer Cake
Sally Hawkins,The Young Visiters
Sally Hawkins,Promoted to Glory
Sally Hawkins,Byron
Sally Hawkins,Jimmy Kimmel Live!
Sally Hawkins,Byron
Sally Hawkins,Tipping the Velvet
Sally Hawkins,All or Nothing
Sally Hawkins,Doctors
Sally Hawkins,Star Wars: Episode I - The Phantom Menace
Sally Hawkins,Casualty
Ellie White,Wonka
Ellie White,A Whole Lifetime with Jamie Demetriou
Ellie White,We Are Not Alone
Ellie White,Live at the Moth Club
Ellie White,Ellie & Natasia
Ellie White,The Witchfinder
Ellie White,Bloods
Ellie White,Semi-Detached
Ellie White,The Other One
Ellie White,This Time with Alan Partridge
Ellie White,Stath Lets Flats
Ellie White,Pls Like
Ellie White,The Windsors
Ellie White,Mr. Bean: Funeral
Ellie White,Inside No. 9
Ellie White,8 Out of 10 Cats Does Countdown
Ellie White,Black Mirror
Ellie White,Horrible Histories
Simon Farnaby,Wonka
Simon Farnaby,The Phantom of the Open
Simon Farnaby,Ghosts
Simon Farnaby,This Time with Alan Partridge
Simon Farnaby,Christopher Robin
Simon Farnaby,Paddington 2
Simon Farnaby,Rogue One: A Star Wars Story
Simon Farnaby,Mindhorn
Simon Farnaby,Bill
Simon Farnaby,Paddington
Simon Farnaby,Detectorists
Simon Farnaby,Yonderland
Simon Farnaby,All Stars
Simon Farnaby,Richard III: The Unseen Story
Simon Farnaby,Richard III: The King in the Car Park
Simon Farnaby,Utopia
Simon Farnaby,The Last Summer on Earth
Simon Farnaby,Horrible Histories’ Big Prom Party
Simon Farnaby,Your Highness
Simon Farnaby,Burke & Hare
Simon Farnaby,Bunny and the Bull
Simon Farnaby,Horrible Histories
Simon Farnaby,Angelo's
Simon Farnaby,The Yellow House
Simon Farnaby,Blunder
Simon Farnaby,Blake's Junction 7
Simon Farnaby,Fat Slags
Simon Farnaby,The Mighty Boosh
Simon Farnaby,Trafalgar Square
Kobna Holdbrook-Smith,National Theatre at Home: The Effect
Kobna Holdbrook-Smith,Silent Drift
Kobna Holdbrook-Smith,Wonka
Kobna Holdbrook-Smith,Sumotherhood
Kobna Holdbrook-Smith,The Effect
Kobna Holdbrook-Smith,Taming A Seahorse
Kobna Holdbrook-Smith,Twice As Good
Kobna Holdbrook-Smith,Superworm
Kobna Holdbrook-Smith,Red Election
Kobna Holdbrook-Smith,Zack Snyder's Justice League
Kobna Holdbrook-Smith,His Dark Materials
Kobna Holdbrook-Smith,Mary Poppins Returns
Kobna Holdbrook-Smith,Gwen
Kobna Holdbrook-Smith,Ghost Stories
Kobna Holdbrook-Smith,The Commuter
Kobna Holdbrook-Smith,Justice League
Kobna Holdbrook-Smith,Paddington 2
Kobna Holdbrook-Smith,Doctor Strange
Kobna Holdbrook-Smith,Agatha Raisin
Kobna Holdbrook-Smith,The Roof
Kobna Holdbrook-Smith,Capital
Kobna Holdbrook-Smith,The Last Panthers
Kobna Holdbrook-Smith,National Theatre Live: Hamlet
Kobna Holdbrook-Smith,The Double
Kobna Holdbrook-Smith,Turks & Caicos
Kobna Holdbrook-Smith,Father Brown
Kobna Holdbrook-Smith,National Theatre Live: Antigone
Kobna Holdbrook-Smith,Womack
Kobna Holdbrook-Smith,Rahab
Kobna Holdbrook-Smith,The Café
Kobna Holdbrook-Smith,Sirens
Kobna Holdbrook-Smith,Roadkill
Kobna Holdbrook-Smith,Whites
Kobna Holdbrook-Smith,Mike Bassett: Manager
Kobna Holdbrook-Smith,Midsomer Murders
Rich Fulcher,Wonka
Rich Fulcher,Still Up
Rich Fulcher,Abruptio
Rich Fulcher,Star Trek: Lower Decks
Rich Fulcher,Close Enough
Rich Fulcher,Marriage Story
Rich Fulcher,Mao Mao: Heroes of Pure Heart
Rich Fulcher,Snatchers
Rich Fulcher,Kidding
Rich Fulcher,Disenchantment
Rich Fulcher,Life After Flash
Rich Fulcher,Sexy Murder
Rich Fulcher,Bajillion Dollar Propertie$
Rich Fulcher,Another Period
Rich Fulcher,The Adventures of OG Sherlock Kush
Rich Fulcher,In Search of Miracle Man
Rich Fulcher,Garfunkel and Oates
Rich Fulcher,Rick and Morty
Rich Fulcher,The Littlest Sketch Show
Rich Fulcher,Drunk History
Rich Fulcher,Toro and Moro
Rich Fulcher,Comedy Feeds
Rich Fulcher,High Road
Rich Fulcher,Noel Fielding's Luxury Comedy
Rich Fulcher,Black Mirror
Rich Fulcher,Arthur Christmas
Rich Fulcher,The Amazing World of Gumball
Rich Fulcher,Goodnight Burbank
Rich Fulcher,Bob's Burgers
Rich Fulcher,This Christmastime
Rich Fulcher,The Mighty Boosh: Journey of the Childmen
Rich Fulcher,Regular Show
Rich Fulcher,Mongrels
Rich Fulcher,Bunny and the Bull
Rich Fulcher,Infomercials
Rich Fulcher,The League
Rich Fulcher,The Mighty Boosh Live: Future Sailors Tour
Rich Fulcher,Childrens Hospital
Rich Fulcher,Trexx and Flipside
Rich Fulcher,The Golf Show
Rich Fulcher,Fat Guy Stuck in Internet
Rich Fulcher,The Sarah Silverman Program.
Rich Fulcher,Skins
Rich Fulcher,Phone Sexxers
Rich Fulcher,Snuff Box
Rich Fulcher,The Late Late Show with Craig Ferguson
Rich Fulcher,Nerd Hunter 3004
Rich Fulcher,AD/BC: A Rock Opera
Rich Fulcher,Documentary: The Series
Rich Fulcher,Crossballs: The Debate Show
Rich Fulcher,The Mighty Boosh
Rich Fulcher,Friday Night with Jonathan Ross
Rich Fulcher,The Boosh
Rich Fulcher,Curb Your Enthusiasm
Rich Fulcher,Unnatural Acts
Rich Fulcher,Never Mind the Buzzcocks
Rakhee Thakrar,Extinction
Rakhee Thakrar,Finders Keepers
Rakhee Thakrar,Wonka
Rakhee Thakrar,My Happy Ending
Rakhee Thakrar,Karen Pirie
Rakhee Thakrar,Rules of the Game
Rakhee Thakrar,The Girl Before
Rakhee Thakrar,Running Naked
Rakhee Thakrar,23 Walks
Rakhee Thakrar,Summerland
Rakhee Thakrar,End-O
Rakhee Thakrar,Criminal: UK
Rakhee Thakrar,Four Weddings and a Funeral
Rakhee Thakrar,Sex Education
Rakhee Thakrar,Invizimals
Rakhee Thakrar,DCI Banks
Rakhee Thakrar,Page Eight
Rakhee Thakrar,No Signal!
Rakhee Thakrar,Banglatown Banquet
Rakhee Thakrar,Peep Show
Natasha Rothwell,Sausage Party: Foodtopia
Natasha Rothwell,Sonic the Hedgehog 3
Natasha Rothwell,Baby Shark's Big Movie
Natasha Rothwell,Wonka
Natasha Rothwell,Wish
Natasha Rothwell,Aqua Teen Forever: Plantasm
Natasha Rothwell,Sonic the Hedgehog 2
Natasha Rothwell,Insecure: The End
Natasha Rothwell,The Ghost and Molly McGee
Natasha Rothwell,The White Lotus
Natasha Rothwell,Baby Shark's Big Show!
Natasha Rothwell,Yearly Departed
Natasha Rothwell,Wonder Woman 1984
Natasha Rothwell,12 Dates of Christmas
Natasha Rothwell,"Love, Victor"
Natasha Rothwell,Sonic the Hedgehog
Natasha Rothwell,Ours to Tell
Natasha Rothwell,Like a Boss
Natasha Rothwell,Wyrm
Natasha Rothwell,The Kelly Clarkson Show
Natasha Rothwell,A Black Lady Sketch Show
Natasha Rothwell,"Love, Simon"
Natasha Rothwell,DuckTales
Natasha Rothwell,Search Party
Natasha Rothwell,Insecure
Natasha Rothwell,Netflix Presents: The Characters
Natasha Rothwell,A Year and Change
Natasha Rothwell,Star vs. the Forces of Evil
Natasha Rothwell,BoJack Horseman
Natasha Rothwell,Brooklyn Nine-Nine
Natasha Rothwell,Bob's Burgers
Natasha Rothwell,Archer
Natasha Rothwell,American Dad!
Natasha Rothwell,The Simpsons
Mathew Baynton,A Good Girl's Guide to Murder
Mathew Baynton,A Good Girl's Guide to Murder
Mathew Baynton,Murder Is Easy
Mathew Baynton,Wonka
Mathew Baynton,Ghosts
Mathew Baynton,Ghosts
Mathew Baynton,"Princess Diana, Freddie and Kenny: ‘One Normal Night’"
Mathew Baynton,Quacks
Mathew Baynton,Across The Sea
Mathew Baynton,"You, Me and the Apocalypse"
Mathew Baynton,The Falling
Mathew Baynton,Bill
Mathew Baynton,Yonderland
Mathew Baynton,The Wrong Mans
Mathew Baynton,Tooty's Wedding
Mathew Baynton,Death in Paradise
Mathew Baynton,Spy
Mathew Baynton,You Instead
Mathew Baynton,Horrible Histories’ Big Prom Party
Mathew Baynton,Hereafter
Mathew Baynton,Horrible Histories
Mathew Baynton,Brave Young Men
Mathew Baynton,Horne & Corden
Mathew Baynton,Largo al factotum
Mathew Baynton,City Rats
Mathew Baynton,1234
Mathew Baynton,Telstar: The Joe Meek Story
Mathew Baynton,Learners
Mathew Baynton,Gavin & Stacey
Mathew Baynton,Roman's Empire
Mathew Baynton,Peep Show
Matt Lucas,This Is the Night Mail
Matt Lucas,Come Fly on the Wall
Matt Lucas,Molesworth
Matt Lucas,Untitled Gladiator Sequel
Matt Lucas,Wonka
Matt Lucas,Fantasy Football League
Matt Lucas,Ian Cognito: A Life and A Death On Stage
Matt Lucas,Friday Night Dinner: 10 Years and a Lovely Bit of Squirrel
Matt Lucas,50 Years of Mr Men with Matt Lucas
Matt Lucas,The Masked Singer
Matt Lucas,Les Misérables: The Staged Concert
Matt Lucas,RuPaul's Drag Race UK
Matt Lucas,Missing Link
Matt Lucas,The Queen's Corgi
Matt Lucas,Polar
Matt Lucas,Aliens Love Underpants and...Panta Claus
Matt Lucas,The Big Narstie Show
Matt Lucas,Sherlock Gnomes
Matt Lucas,The Great Celebrity Bake Off for Stand Up To Cancer
Matt Lucas,A Futile and Stupid Gesture
Matt Lucas,Doctor Who: Twice Upon a Time
Matt Lucas,How to Talk to Girls at Parties
Matt Lucas,The Russell Howard Hour
Matt Lucas,"Cabiria, Charity, Chastity"
Matt Lucas,The Great British Bake Off: An Extra Slice
Matt Lucas,The Great British Bake Off
Matt Lucas,Proclaimers: This Is the Story
Matt Lucas,Bill Nye Saves the World
Matt Lucas,The Labyrinth
Matt Lucas,Doctor Who: The Return of Doctor Mysterio
Matt Lucas,A Midsummer Night's Dream
Matt Lucas,Alice Through the Looking Glass
Matt Lucas,DC's Legends of Tomorrow
Matt Lucas,Derren Brown: Pushed to the Edge
Matt Lucas,Doctor Who: The Husbands of River Song
Matt Lucas,Peter Kay: 20 Years of Funny
Matt Lucas,Travel Man: 48 Hours in...
Matt Lucas,Harvey Beaks
Matt Lucas,Pompidou
Matt Lucas,Man Seeking Woman
Matt Lucas,Paddington
Matt Lucas,The Nation's Favourite Queen Song
Matt Lucas,Alan Davies: As Yet Untitled
Matt Lucas,Late Night with Seth Meyers
Matt Lucas,The Harry Hill Movie
Matt Lucas,Super Fun Night
Matt Lucas,Julia Zemiro's Home Delivery
Matt Lucas,In Secret
Matt Lucas,The Look of Love
Matt Lucas,Gogglebox
Matt Lucas,Freddie Mercury: The Great Pretender
Matt Lucas,The Matt Lucas Awards
Matt Lucas,Small Apartments
Matt Lucas,Britain's Gay Footballers
Matt Lucas,Bridesmaids
Matt Lucas,Derren Brown: Behind the Mischief
Matt Lucas,Portlandia
Matt Lucas,Gnomeo & Juliet
Matt Lucas,Les Mis at 25: Matt Lucas Dreams the Dream
Matt Lucas,Come Fly with Me
Matt Lucas,The One Ronnie
Matt Lucas,Les Misérables - 25th Anniversary in Concert
Matt Lucas,Comedy Rocks with Jason Manford
Matt Lucas,Alice in Wonderland
Matt Lucas,The Infidel
Matt Lucas,Astro Boy
Matt Lucas,Community
Matt Lucas,Totally Saturday
Matt Lucas,Krod Mandoon and the Flaming Sword of Fire
Matt Lucas,Little Britain USA
Matt Lucas,Big Brother: Celebrity Hijack
Matt Lucas,Katie & Peter: Unleashed
Matt Lucas,Gavin & Stacey
Matt Lucas,The Dame Edna Treatment
Matt Lucas,The Graham Norton Show
Matt Lucas,The Wind in the Willows
Matt Lucas,The Russell Brand Show
Matt Lucas,Little Britain Live
Matt Lucas,The One Show
Matt Lucas,When Comedy Changed Forever
Matt Lucas,Little Britain Comic Relief
Matt Lucas,Popetown
Matt Lucas,Monkey Trousers
Matt Lucas,King Arthur's Disasters
Matt Lucas,Cold & Dark
Matt Lucas,Doctor Who
Matt Lucas,Casanova
Matt Lucas,AD/BC: A Rock Opera
Matt Lucas,Who Do You Think You Are?
Matt Lucas,The Real Little Britain
Matt Lucas,Derren Brown: Trick of the Mind
Matt Lucas,Shaun of the Dead
Matt Lucas,Catterick
Matt Lucas,Welcome to Glaringly
Matt Lucas,Little Britain
Matt Lucas,QI
Matt Lucas,Moo(n)
Matt Lucas,Kath & Kim
Matt Lucas,Surrealissimo: The Trial of Salvador Dali
Matt Lucas,Friday Night with Jonathan Ross
Matt Lucas,Randall & Hopkirk (Deceased)
Matt Lucas,Rock Profile
Matt Lucas,Sir Bernard's Stately Homes
Matt Lucas,Plunkett & MacLeane
Matt Lucas,"Bang, Bang, It's Reeves and Mortimer"
Matt Lucas,You Are Here
Matt Lucas,Sunnyside Farm
Matt Lucas,Mash and Peas
Matt Lucas,Shooting Stars
Matt Lucas,The Smell of Reeves and Mortimer
Matt Lucas,The Tonight Show with Jay Leno
Matt Lucas,This Morning
Matt Lucas,French & Saunders
Matt Lucas,The South Bank Show
Rowan Atkinson,Laughs and Larrikins
Rowan Atkinson,Wonka
Rowan Atkinson,Blackadder: A Cunning Story
Rowan Atkinson,Blackadder: The Lost Pilot
Rowan Atkinson,Man Vs Bee
Rowan Atkinson,Happy Birthday Mr Bean
Rowan Atkinson,One Red Nose Day and a Wedding
Rowan Atkinson,We Are Most Amused and Amazed
Rowan Atkinson,Diamonds are a Bean's Best Friend
Rowan Atkinson,Johnny English Strikes Again
Rowan Atkinson,Handy Bean
Rowan Atkinson,Maigret: Night At The Crossroads
Rowan Atkinson,Red Nose Day Actually
Rowan Atkinson,Top Funny Comedian The Movie
Rowan Atkinson,Maigret Sets A Trap
Rowan Atkinson,Maigret
Rowan Atkinson,Mr Bean Funny Faces
Rowan Atkinson,Mr. Bean: Funeral
Rowan Atkinson,Fist of Bean
Rowan Atkinson,Mel Smith: I've Done Some Things
Rowan Atkinson,London 2012 Olympic Opening Ceremony: Isles of Wonder
Rowan Atkinson,Johnny English Reborn
Rowan Atkinson,Happy Birthday Mr Bean
Rowan Atkinson,Not Again: Not the Nine O'Clock News
Rowan Atkinson,Just for Laughs: Launching Pad
Rowan Atkinson,Horrible Histories
Rowan Atkinson,Blackadder Rides Again
Rowan Atkinson,We Are Most Amused
Rowan Atkinson,Blackadder's Most Cunning Moments
Rowan Atkinson,Blackadder Exclusive: The Whole Rotten Saga
Rowan Atkinson,Projectorparishilton
Rowan Atkinson,Tak and the Power of Juju
Rowan Atkinson,Mr. Bean's Holiday
Rowan Atkinson,Mr. Bean's Wedding
Rowan Atkinson,The Graham Norton Show
Rowan Atkinson,The Best of Mr. Bean
Rowan Atkinson,The Best of Not The Nine O'Clock News
Rowan Atkinson,Keeping Mum
Rowan Atkinson,Spider-Plant Man
Rowan Atkinson,The Funny Blokes of British Comedy
Rowan Atkinson,Remember the Secret Policeman's Ball?
Rowan Atkinson,Mickey’s PhilharMagic
Rowan Atkinson,Love Actually
Rowan Atkinson,Johnny English
Rowan Atkinson,Top Gear
Rowan Atkinson,Pet Star
Rowan Atkinson,Scooby-Doo
Rowan Atkinson,Mr. Bean: The Animated Series
Rowan Atkinson,Richard & Judy
Rowan Atkinson,Baldrick's Video Diary - A Blackadder in the Making
Rowan Atkinson,Rat Race
Rowan Atkinson,Maybe Baby
Rowan Atkinson,Rude For A Reason: Live from Brixton Academy
Rowan Atkinson,Mr Bean : Best Bits
Rowan Atkinson,Blackadder: Back & Forth
Rowan Atkinson,Doctor Who: The Curse of Fatal Death
Rowan Atkinson,Comic Relief
Rowan Atkinson,The Story of Bean
Rowan Atkinson,Leute heute
Rowan Atkinson,Bean
Rowan Atkinson,The Daily Show
Rowan Atkinson,The Best Bits of Mr. Bean
Rowan Atkinson,The Thin Blue Line
Rowan Atkinson,Mr. Bean: Torvill and Bean
Rowan Atkinson,Full Throttle
Rowan Atkinson,The Lion King
Rowan Atkinson,Four Weddings and a Funeral
Rowan Atkinson,Hot Shots! Part Deux
Rowan Atkinson,Hearts of Hot Shots! Part Deux—A Filmmaker's Apology
Rowan Atkinson,Two Mikes Don't Make a Wright
Rowan Atkinson,Mr. Bean: Blind Date
Rowan Atkinson,"Merry Christmas, Mr. Bean"
Rowan Atkinson,Funny Business
Rowan Atkinson,Rowan Atkinson: Laughing Matters
Rowan Atkinson,The Tonight Show with Jay Leno
Rowan Atkinson,Mr. Bean And Comic Relief: (I Want To Be) Elected
Rowan Atkinson,Rowan Atkinson Live
Rowan Atkinson,Bernard and the Genie
Rowan Atkinson,The Exciting Escapades of Mr. Bean: The Bus Stop
Rowan Atkinson,Mr. Bean Takes an Exam
Rowan Atkinson,The Exciting Escapades of Mr. Bean
Rowan Atkinson,Mr. Bean Goes to a Première
Rowan Atkinson,Mr. Bean: Police Station
Rowan Atkinson,Schmidteinander
Rowan Atkinson,The Driven Man
Rowan Atkinson,The Witches
Rowan Atkinson,Mr. Bean
Rowan Atkinson,The Tall Guy
Rowan Atkinson,A Bit of Fry & Laurie
Rowan Atkinson,Blackadder's Christmas Carol
Rowan Atkinson,The Appointments of Dennis Jennings
Rowan Atkinson,Blackadder: The Cavalier Years
Rowan Atkinson,The Grand Knockout Tournament
Rowan Atkinson,Omnibus Presents Comic Relief
Rowan Atkinson,The Comic Relief Utterly Utterly Rude Video Live
Rowan Atkinson,Never Say Never Again
Rowan Atkinson,Harty
Rowan Atkinson,Blackadder
Rowan Atkinson,Dead on Time
Rowan Atkinson,Wogan
Rowan Atkinson,The Secret Policeman's Other Ball
Rowan Atkinson,Cleo and John
Rowan Atkinson,Mr. Kershaw's Dream System
Rowan Atkinson,"Wetten, dass..?"
Rowan Atkinson,Peter Cook & Co.
Rowan Atkinson,The Secret Policeman's Ball
Rowan Atkinson,Not The Nine O'Clock News
Rowan Atkinson,Canned Laughter
Rowan Atkinson,The Secret Policeman's Ball
Jim Carter,Wonka
Jim Carter,Hidden Treasures of the National Trust
Jim Carter,The Sea Beast
Jim Carter,Downton Abbey: A New Era
Jim Carter,Turtle Journey: The Crisis in Our Oceans
Jim Carter,The Good Liar
Jim Carter,Downton Abbey
Jim Carter,Swimming with Men
Jim Carter,King Lear
Jim Carter,Knightfall
Jim Carter,The Little Vampire 3D
Jim Carter,Transformers: The Last Knight
Jim Carter,Punk Strut: The Movie
Jim Carter,Hitler's Supergun
Jim Carter,Nordic Noir - The Rise of Scandi Drama
Jim Carter,One of a Kind
Jim Carter,Rock 'n' Roll Britannia
Jim Carter,Secrets of the Stonehenge Skeletons
Jim Carter,My Week with Marilyn
Jim Carter,Dambusters: Building the Bouncing Bomb
Jim Carter,Downton Abbey
Jim Carter,Burlesque Fairytales
Jim Carter,Creation
Jim Carter,Red Riding: The Year of Our Lord 1980
Jim Carter,Red Riding: The Year of Our Lord 1983
Jim Carter,The Oxford Murders
Jim Carter,The Golden Compass
Jim Carter,Cranford
Jim Carter,Cassandra's Dream
Jim Carter,Would I Lie to You?
Jim Carter,Recovery
Jim Carter,The Wind in the Willows
Jim Carter,The Secret Life of Mrs. Beeton
Jim Carter,Aberfan: The Untold Story
Jim Carter,The Thief Lord
Jim Carter,The Man Who Is Obsessed With The Number 12
Jim Carter,The Story of Alton Towers
Jim Carter,Out of Season
Jim Carter,Von Trapped
Jim Carter,Casablanca Driver
Jim Carter,Modigliani
Jim Carter,London
Jim Carter,Ella Enchanted
Jim Carter,Wilde Stories: The Nightingale and the Rose
Jim Carter,Pompeii: The Last Day
Jim Carter,Bright Young Things
Jim Carter,Trevor's World of Sport
Jim Carter,Strange
Jim Carter,Blue Murder
Jim Carter,16 Years of Alcohol
Jim Carter,Heartlands
Jim Carter,Hornblower: Duty
Jim Carter,Jack and the Beanstalk: The Real Story
Jim Carter,According to Beryl
Jim Carter,Dinotopia
Jim Carter,The Little Vampire
Jim Carter,102 Dalmatians
Jim Carter,Arabian Nights
Jim Carter,Tube Tales
Jim Carter,Trial by Fire
Jim Carter,The Scarlet Pimpernel
Jim Carter,Blood on the Carpet
Jim Carter,Shakespeare in Love
Jim Carter,Legionnaire
Jim Carter,Hornblower
Jim Carter,Vigo
Jim Carter,Bill's New Frock
Jim Carter,Keep the Aspidistra Flying
Jim Carter,The View
Jim Carter,Ain't Misbehavin'
Jim Carter,The Chest
Jim Carter,The Missing Postman
Jim Carter,The Missing Postman
Jim Carter,Midsomer Murders
Jim Carter,Bright Hair
Jim Carter,Harpur and Iles: Protection
Jim Carter,Brassed Off
Jim Carter,Richard III
Jim Carter,Coogan's Run
Jim Carter,The Grotesque
Jim Carter,Mrs Hartley and the Growth Centre
Jim Carter,Dangerfield
Jim Carter,The Madness of King George
Jim Carter,Midnight Movie
Jim Carter,Open Fire
Jim Carter,Mary Shelley's Frankenstein
Jim Carter,Black Beauty
Jim Carter,In The Cold Light Of Day
Jim Carter,Pie in the Sky
Jim Carter,Cracker
Jim Carter,The Hour of the Pig
Jim Carter,Resnick: Rough Treatment
Jim Carter,Detectives on the Edge of a Nervous Breakdown
Jim Carter,A Year in Provence
Jim Carter,Lipstick on Your Collar
Jim Carter,Stalin
Jim Carter,Shakespeare: The Animated Tales
Jim Carter,Blame It on the Bellboy
Jim Carter,Murder Most Horrid
Jim Carter,Hancock
Jim Carter,The Fool
Jim Carter,Crimestrike
Jim Carter,The Gravy Train
Jim Carter,The Witches
Jim Carter,A Dangerous Man: Lawrence After Arabia
Jim Carter,A Sense of Guilt
Jim Carter,Erik the Viking
Jim Carter,The Rainbow
Jim Carter,Here Is the News
Jim Carter,Precious Bane
Jim Carter,The Tenth Man
Jim Carter,Thompson
Jim Carter,The Raggedy Rawney
Jim Carter,Soursweet
Jim Carter,The First Kangaroos
Jim Carter,Star Trap
Jim Carter,Duck
Jim Carter,A Month in the Country
Jim Carter,The American Way
Jim Carter,The Singing Detective
Jim Carter,Lost Empires
Jim Carter,Casualty
Jim Carter,The Monocled Mutineer
Jim Carter,Haunted Honeymoon
Jim Carter,The Mysteries
Jim Carter,Rustlers' Rhapsody
Jim Carter,A Private Function
Jim Carter,The Company of Wolves
Jim Carter,Top Secret!
Jim Carter,The Oresteia
Jim Carter,Widows
Jim Carter,The Comic Strip Presents
Jim Carter,Fox
Jim Carter,Fox
Jim Carter,Minder
Jim Carter,Not The Nine O'Clock News
Jim Carter,NOVA
Tom Davis,Wonka
Tom Davis,Last King of the Cross
Tom Davis,A League of Their Own Road Trip: Dingle To Dover
Tom Davis,The Curse
Tom Davis,Cinderella: A Comic Relief Pantomime for Christmas
Tom Davis,King Gary
Tom Davis,The Lateish Show with Mo Gilligan
Tom Davis,The Ranganation
Tom Davis,The Virtues
Tom Davis,Hypothetical
Tom Davis,A League Of Their Own: European Road Trip
Tom Davis,Judge Romesh
Tom Davis,The More You Ignore Me
Tom Davis,The Great Celebrity Bake Off for Stand Up To Cancer
Tom Davis,Action Team
Tom Davis,The Great Xmas Rant
Tom Davis,Paddington 2
Tom Davis,The Great British Bake Off: An Extra Slice
Tom Davis,Free Fire
Tom Davis,Harry Hill's Alien Fun Capsule
Tom Davis,Prevenge
Tom Davis,Going Forward
Tom Davis,The Aliens
Tom Davis,Insert Name Here
Tom Davis,Together
Tom Davis,The Bad Education Movie
Tom Davis,Legacy
Tom Davis,Murder in Successville
Tom Davis,Cockroaches
Tom Davis,Virtually Famous
Tom Davis,The Guvnors
Tom Davis,Plebs
Tom Davis,The Last Leg
Tom Davis,Alan Partridge on Open Books with Martin Bryce
Tom Davis,Outside Bet
Tom Davis,The Hunt for Tony Blair
Tom Davis,The Jonathan Ross Show
Tom Davis,A League of Their Own
Tom Davis,Bizarre ER
Tom Davis,Would I Lie to You?
Tom Davis,8 Out of 10 Cats
Olivia Colman,Nuclear Bogeyheads
Olivia Colman,Girl from the North Country
Olivia Colman,Wicker
Olivia Colman,Paddington in Peru
Olivia Colman,Wicked Little Letters
Olivia Colman,Wonka
Olivia Colman,Marvel Studios Assembled: The Making of Secret Invasion
Olivia Colman,Secret Invasion
Olivia Colman,Great Expectations
Olivia Colman,Empire of Light
Olivia Colman,Puss in Boots: The Last Wish
Olivia Colman,Scrooge: A Christmas Carol
Olivia Colman,Joyride
Olivia Colman,The Bear
Olivia Colman,Heartstopper
Olivia Colman,Superworm
Olivia Colman,The Lost Daughter
Olivia Colman,Landscapers
Olivia Colman,Mothering Sunday
Olivia Colman,The Electrical Life of Louis Wain
Olivia Colman,Ron's Gone Wrong
Olivia Colman,The Mitchells vs. the Machines
Olivia Colman,Rosie Jones' Trip Hazard
Olivia Colman,Letters Live from the Archive: Union Chapel
Olivia Colman,Letters Live from the Archive: Freemasons’ Hall
Olivia Colman,Letters Live from the Archive: International Women’s Day
Olivia Colman,Cinderella: A Comic Relief Pantomime for Christmas
Olivia Colman,The Father
Olivia Colman,Becoming You
Olivia Colman,Nasrin
Olivia Colman,Staged
Olivia Colman,Turtle Journey: The Crisis in Our Oceans
Olivia Colman,Children In Need 2019: Got It Covered
Olivia Colman,Them That Follow
Olivia Colman,Kilimanjaro: The Bigger Red Nose Climb
Olivia Colman,Les Misérables
Olivia Colman,Watership Down
Olivia Colman,Let's Dance
Olivia Colman,The Favourite
Olivia Colman,Unexpected Item
Olivia Colman,The Super Squirrels
Olivia Colman,All The World's a Stage
Olivia Colman,The Private Life of the Royal Academy
Olivia Colman,Flatpack Empire
Olivia Colman,The Alternativity
Olivia Colman,Murder on the Orient Express
Olivia Colman,National Theatre Live: Mosquitoes
Olivia Colman,We're Going on a Bear Hunt
Olivia Colman,The Crown
Olivia Colman,Thomas & Friends: Tinsel on the Tracks
Olivia Colman,The Extraordinary Case of Alex Lewis
Olivia Colman,Fleabag
Olivia Colman,Attenborough at 90
Olivia Colman,Flowers
Olivia Colman,Flowers 1
Olivia Colman,Our Queen at Ninety
Olivia Colman,Behind Closed Doors
Olivia Colman,The Story of Cats
Olivia Colman,The Night Manager
Olivia Colman,The Secret Life of the Zoo
Olivia Colman,The Lobster
Olivia Colman,Earth's Natural Wonders
Olivia Colman,Earth's Natural Wonders
Olivia Colman,Thomas & Friends: Sodor's Legend of the Lost Treasure: The Movie
Olivia Colman,David Attenborough Meets President Obama
Olivia Colman,London Road
Olivia Colman,The Late Late Show with James Corden
Olivia Colman,The Secrets
Olivia Colman,Thomas & Friends: Tale of the Brave: The Movie
Olivia Colman,The Great War: The People's Story
Olivia Colman,Pudsey the Dog: The Movie
Olivia Colman,Mr. Sloane
Olivia Colman,Locke
Olivia Colman,W1A
Olivia Colman,73 Questions
Olivia Colman,The Kármán Line
Olivia Colman,The Tonight Show Starring Jimmy Fallon
Olivia Colman,Cuban Fury
Olivia Colman,Duck Quacks Don't Echo
Olivia Colman,The Kumars
Olivia Colman,The 7.39
Olivia Colman,The Thirteenth Tale
Olivia Colman,The Five(ish) Doctors Reboot
Olivia Colman,Run
Olivia Colman,The Murder in Angel Lane
Olivia Colman,Broadchurch
Olivia Colman,I Give It a Year
Olivia Colman,Hyde Park on Hudson
Olivia Colman,Bad Sugar
Olivia Colman,The Hoarder Next Door
Olivia Colman,The Iron Lady
Olivia Colman,Tyrannosaur
Olivia Colman,See Me
Olivia Colman,Exile
Olivia Colman,Twenty Twelve
Olivia Colman,Accused
Olivia Colman,Rev.
Olivia Colman,Mister Eleven
Olivia Colman,Le Donk & Scor-zay-zee
Olivia Colman,Consuming Passion
Olivia Colman,Beautiful People
Olivia Colman,Hancock & Joan
Olivia Colman,Dog Altogether
Olivia Colman,The Time of Your Life
Olivia Colman,The Time of Your Life
Olivia Colman,Would I Lie to You?
Olivia Colman,Grow Your Own
Olivia Colman,I Could Never Be Your Woman
Olivia Colman,The Grey Man
Olivia Colman,The Graham Norton Show
Olivia Colman,Hot Fuzz
Olivia Colman,Skins
Olivia Colman,That Mitchell and Webb Look
Olivia Colman,Confetti
Olivia Colman,ShakespeaRe-Told
Olivia Colman,Much Ado About Nothing
Olivia Colman,Love Soup
Olivia Colman,Zemanovaload
Olivia Colman,The Robinsons
Olivia Colman,Doctor Who
Olivia Colman,Buried Alive
Olivia Colman,Who Do You Think You Are?
Olivia Colman,Green Wing
Olivia Colman,NY-LON
Olivia Colman,Murder in Suburbia
Olivia Colman,Peep Show
Olivia Colman,Swiss Toni
Olivia Colman,Look Around You
Olivia Colman,The Mitchell and Webb Situation
Olivia Colman,The Office
Olivia Colman,Black Books
Olivia Colman,Bruiser
Olivia Colman,People Like Us
Olivia Colman,Midsomer Murders
Olivia Colman,GMTV
Olivia Colman,The Simpsons
Olivia Colman,Natural World
Olivia Colman,The Oscars
Paterson Joseph,Twilight of the Gods
Paterson Joseph,Wonka
Paterson Joseph,Geronimo
Paterson Joseph,The Velveteen Rabbit
Paterson Joseph,Boat Story
Paterson Joseph,Bet Your Bottom Dollar
Paterson Joseph,Daddy's Girl
Paterson Joseph,That Dirty Black Bag
Paterson Joseph,Vigil
Paterson Joseph,The Mosquito Coast
Paterson Joseph,Since Yesterday
Paterson Joseph,Rellik
Paterson Joseph,Urban Myths
Paterson Joseph,Red Panda: World's Cutest Animal
Paterson Joseph,Timeless
Paterson Joseph,The Coopers vs The Rest
Paterson Joseph,"You, Me and the Apocalypse"
Paterson Joseph,Safe House
Paterson Joseph,Babylon
Paterson Joseph,The Leftovers
Paterson Joseph,Inside No. 9
Paterson Joseph,Wild Burma: Nature's Lost Kingdom
Paterson Joseph,Wild Thailand
Paterson Joseph,The Hollow Crown
Paterson Joseph,Julius Caesar
Paterson Joseph,National Geographic Nordic Wild
Paterson Joseph,Death in Paradise
Paterson Joseph,Rules of Love
Paterson Joseph,Blood And Oil
Paterson Joseph,10 Minute Tales
Paterson Joseph,Boy Meets Girl
Paterson Joseph,The No. 1 Ladies' Detective Agency
Paterson Joseph,Law & Order: UK
Paterson Joseph,The Other Man
Paterson Joseph,Survivors
Paterson Joseph,Fixer
Paterson Joseph,Chop Socky Chooks
Paterson Joseph,Jekyll
Paterson Joseph,That Mitchell and Webb Look
Paterson Joseph,Mayo
Paterson Joseph,My Shakespeare: Romeo & Juliet for a New Generation
Paterson Joseph,Hyperdrive
Paterson Joseph,Æon Flux
Paterson Joseph,Jericho
Paterson Joseph,Doctor Who
Paterson Joseph,Doctor Who Confidential
Paterson Joseph,Sex Traffic
Paterson Joseph,Green Wing
Paterson Joseph,The Baby Juice Express
Paterson Joseph,Hustle
Paterson Joseph,Elmina’s Kitchen
Paterson Joseph,Peep Show
Paterson Joseph,My Dad's the Prime Minister
Paterson Joseph,William and Mary
Paterson Joseph,Dead Ringers
Paterson Joseph,Rose and Maloney
Paterson Joseph,Bodily Harm
Paterson Joseph,Murphy's Law
Paterson Joseph,The Long Run
Paterson Joseph,Greenfingers
Paterson Joseph,Waking the Dead
Paterson Joseph,The Beach
Paterson Joseph,Cold Feet
Paterson Joseph,Neverwhere
Paterson Joseph,Dalziel & Pascoe
Paterson Joseph,Silent Witness
Paterson Joseph,In the Name of the Father
Paterson Joseph,Not Even God is Wise Enough
Paterson Joseph,GMTV
Paterson Joseph,A Touch of Frost
Paterson Joseph,Between the Lines
Paterson Joseph,South Of The Border
Paterson Joseph,Casualty
Paterson Joseph,Songs of Praise
Hugh Grant,Unfrosted: The Pop-Tart Story
Hugh Grant,Heretic
Hugh Grant,Nuclear Bogeyheads
Hugh Grant,The Regime
Hugh Grant,Wonka
Hugh Grant,Merchant Ivory
Hugh Grant,Dungeons & Dragons: Honor Among Thieves
Hugh Grant,Beau geste
Hugh Grant,Scandalous: Phone Hacking on Trial
Hugh Grant,Operation Fortune: Ruse de Guerre
Hugh Grant,The Laughter & Secrets of 'Love Actually': 20 Years Later
Hugh Grant,Glass Onion: A Knives Out Mystery
Hugh Grant,Death to 2021
Hugh Grant,Mosley: It's Complicated
Hugh Grant,Death to 2020
Hugh Grant,Being Bridget Jones
Hugh Grant,The Undoing
Hugh Grant,The Drew Barrymore Show
Hugh Grant,The Rise of the Murdoch Dynasty
Hugh Grant,The Gentlemen
Hugh Grant,"Polanski, le travail à l'oeuvre"
Hugh Grant,One Red Nose Day and a Wedding
Hugh Grant,A Very English Scandal
Hugh Grant,Late Night Berlin
Hugh Grant,Paddington 2
Hugh Grant,Red Nose Day Actually
Hugh Grant,There's Something About Romcoms
Hugh Grant,Florence Foster Jenkins
Hugh Grant,A Grand Night In: The Story of Aardman
Hugh Grant,The Late Show with Stephen Colbert
Hugh Grant,The Man from U.N.C.L.E.
Hugh Grant,Close Up with The Hollywood Reporter
Hugh Grant,The Late Late Show with James Corden
Hugh Grant,Variety Studio: Actors on Actors
Hugh Grant,The Rewrite
Hugh Grant,One Rogue Reporter
Hugh Grant,W1A
Hugh Grant,Late Night with Seth Meyers
Hugh Grant,The Tonight Show Starring Jimmy Fallon
Hugh Grant,Terms and Conditions May Apply
Hugh Grant,Girlfriend in a Coma
Hugh Grant,Cloud Atlas
Hugh Grant,So You Want To Be A Pirate!
Hugh Grant,The Pirates! In an Adventure with Scientists!
Hugh Grant,Final Cut: Ladies and Gentlemen
Hugh Grant,I'm Still Here
Hugh Grant,Did You Hear About the Morgans?
Hugh Grant,Live from Studio Five
Hugh Grant,Projectorparishilton
Hugh Grant,The Graham Norton Show
Hugh Grant,Music and Lyrics
Hugh Grant,The One Show
Hugh Grant,American Dreamz
Hugh Grant,Live 8
Hugh Grant,A Tribute To Ismail Merchant
Hugh Grant,Housewarming
Hugh Grant,Bridget Jones: The Edge of Reason
Hugh Grant,Love Actually
Hugh Grant,Two Weeks Notice
Hugh Grant,Top Gear
Hugh Grant,American Idol
Hugh Grant,Ant & Dec's Saturday Night Takeaway
Hugh Grant,About a Boy
Hugh Grant,Bridget Jones's Diary
Hugh Grant,Small Time Crooks
Hugh Grant,The Early Show
Hugh Grant,Mickey Blue Eyes
Hugh Grant,The Making of a Mobster: 'Mickey Blue Eyes'
Hugh Grant,Notting Hill
Hugh Grant,Doctor Who: The Curse of Fatal Death
Hugh Grant,Junket Whore
Hugh Grant,The View
Hugh Grant,Extreme Measures
Hugh Grant,The Daily Show
Hugh Grant,Night Train to Venice
Hugh Grant,The Rosie O'Donnell Show
Hugh Grant,Restoration
Hugh Grant,Sense and Sensibility
Hugh Grant,An Awfully Big Adventure
Hugh Grant,Nine Months
Hugh Grant,The Englishman Who Went Up a Hill But Came Down a Mountain
Hugh Grant,Inside the Actors Studio
Hugh Grant,Four Weddings and a Funeral
Hugh Grant,Sirens
Hugh Grant,The Changeling
Hugh Grant,The Remains of the Day
Hugh Grant,Late Night with Conan O'Brien
Hugh Grant,Shakespeare: The Animated Tales
Hugh Grant,Bitter Moon
Hugh Grant,The Tonight Show with Jay Leno
Hugh Grant,The Trials of Oz
Hugh Grant,Our Sons
Hugh Grant,Impromptu
Hugh Grant,Performance
Hugh Grant,The Big Man
Hugh Grant,Judith Krantz's Till We Meet Again
Hugh Grant,Champagne Charlie
Hugh Grant,The Lady and the Highwayman
Hugh Grant,The Bengali Night
Hugh Grant,The Lair of the White Worm
Hugh Grant,Rowing with the Wind
Hugh Grant,LIVE with Kelly and Mark
Hugh Grant,The Dawning
Hugh Grant,Nocturnes
Hugh Grant,White Mischief
Hugh Grant,Maurice
Hugh Grant,A Very Peculiar Practice
Hugh Grant,Ladies in Charge
Hugh Grant,Jenny's War
Hugh Grant,"Honour, Profit & Pleasure"
Hugh Grant,The Last Place on Earth
Hugh Grant,Shades of Darkness
Hugh Grant,Privileged
Hugh Grant,"Wetten, dass..?"
Hugh Grant,Question Time
Hugh Grant,Goldene Kamera Verleihung
Hugh Grant,The Oscars
Hugh Grant,Today
Keegan-Michael Key,Dear Santa
Keegan-Michael Key,Transformers One
Keegan-Michael Key,Migration
Keegan-Michael Key,Wonka
Keegan-Michael Key,The Super Mario Bros. Movie
Keegan-Michael Key,Wendell & Wild
Keegan-Michael Key,Reboot
Keegan-Michael Key,Pinocchio
Keegan-Michael Key,Chip 'n Dale: Rescue Rangers
Keegan-Michael Key,The Pentaverate
Keegan-Michael Key,The Bubble
Keegan-Michael Key,Hotel Transylvania: Transformania
Keegan-Michael Key,Schmigadoon!
Keegan-Michael Key,Pixar Popcorn
Keegan-Michael Key,The Prom
Keegan-Michael Key,Jingle Jangle: A Christmas Journey
Keegan-Michael Key,Home Movie: The Princess Bride
Keegan-Michael Key,Game On!
Keegan-Michael Key,Feeding America Comedy Festival
Keegan-Michael Key,All the Bright Places
Keegan-Michael Key,Green Eggs and Ham
Keegan-Michael Key,Playing with Fire
Keegan-Michael Key,Somewhere in the Middle
Keegan-Michael Key,Dolemite Is My Name
Keegan-Michael Key,Star Wars: Galaxy's Edge - Adventure Awaits
Keegan-Michael Key,The Kelly Clarkson Show
Keegan-Michael Key,The Dark Crystal: Age of Resistance
Keegan-Michael Key,The Lion King
Keegan-Michael Key,Toy Story 4
Keegan-Michael Key,Julia Louis-Dreyfus: The Kennedy Center Mark Twain Prize
Keegan-Michael Key,The Predator
Keegan-Michael Key,The Shop
Keegan-Michael Key,Hotel Transylvania 3: Summer Vacation
Keegan-Michael Key,Impulse
Keegan-Michael Key,2 Dope Queens
Keegan-Michael Key,The Star
Keegan-Michael Key,No Activity
Keegan-Michael Key,Carpool Karaoke: The Series
Keegan-Michael Key,Friends from College
Keegan-Michael Key,The Disaster Artist
Keegan-Michael Key,Win It All
Keegan-Michael Key,Get Out
Keegan-Michael Key,The History of Comedy
Keegan-Michael Key,Why Him?
Keegan-Michael Key,Pigeon Toady's Guide to Your New Baby
Keegan-Michael Key,Bad Guys
Keegan-Michael Key,Storks
Keegan-Michael Key,Don't Think Twice
Keegan-Michael Key,Welcome to Happiness
Keegan-Michael Key,The Angry Birds Movie
Keegan-Michael Key,Keanu
Keegan-Michael Key,Angie Tribeca
Keegan-Michael Key,Freaks of Nature
Keegan-Michael Key,Supermansion
Keegan-Michael Key,The Muppets
Keegan-Michael Key,Hotel Transylvania 2
Keegan-Michael Key,The Late Show with Stephen Colbert
Keegan-Michael Key,The Hotwives of Las Vegas
Keegan-Michael Key,Close Up with The Hollywood Reporter
Keegan-Michael Key,Vacation
Keegan-Michael Key,Tomorrowland
Keegan-Michael Key,Teacher of the Year
Keegan-Michael Key,Pitch Perfect 2
Keegan-Michael Key,The Late Late Show with James Corden
Keegan-Michael Key,Hot Ones
Keegan-Michael Key,Comedy Central's All-Star Non-Denominational Christmas Special
Keegan-Michael Key,Rubberhead
Keegan-Michael Key,Horrible Bosses 2
Keegan-Michael Key,BoJack Horseman
Keegan-Michael Key,Let's Be Cops
Keegan-Michael Key,Running Wild with Bear Grylls
Keegan-Michael Key,Playing House
Keegan-Michael Key,Fargo
Keegan-Michael Key,Late Night with Seth Meyers
Keegan-Michael Key,The Tonight Show Starring Jimmy Fallon
Keegan-Michael Key,Off Camera with Sam Jones
Keegan-Michael Key,The Lego Movie
Keegan-Michael Key,Rick and Morty
Keegan-Michael Key,Hell Baby
Keegan-Michael Key,Afternoon Delight
Keegan-Michael Key,Whose Line Is It Anyway?
Keegan-Michael Key,Veep
Keegan-Michael Key,Wanderlust
Keegan-Michael Key,NFL Honors
Keegan-Michael Key,Key & Peele
Keegan-Michael Key,Inside Comedy
Keegan-Michael Key,'Weird Al' Yankovic: Alpocalypse
Keegan-Michael Key,Talking Dead
Keegan-Michael Key,Brain Games
Keegan-Michael Key,Bucky Larson: Born to Be a Star
Keegan-Michael Key,Dish Nation
Keegan-Michael Key,Wilfred
Keegan-Michael Key,Just Go with It
Keegan-Michael Key,Bob's Burgers
Keegan-Michael Key,Conan
Keegan-Michael Key,Due Date
Keegan-Michael Key,Welcome to the Jungle Gym
Keegan-Michael Key,Epic Rap Battles of History
Keegan-Michael Key,Sons of Tucson
Keegan-Michael Key,The League
Keegan-Michael Key,The Middle
Keegan-Michael Key,Modern Family
Keegan-Michael Key,Archer
Keegan-Michael Key,Parks and Recreation
Keegan-Michael Key,Childrens Hospital
Keegan-Michael Key,Role Models
Keegan-Michael Key,Chocolate News
Keegan-Michael Key,Gary Unmarried
Keegan-Michael Key,'Weird Al' Yankovic: White & Nerdy
Keegan-Michael Key,How I Met Your Mother
Keegan-Michael Key,It's Always Sunny in Philadelphia
Keegan-Michael Key,Hell's Kitchen
Keegan-Michael Key,American Dad!
Keegan-Michael Key,Mr. 3000
Keegan-Michael Key,Uncle Nino
Keegan-Michael Key,I'm with Her
Keegan-Michael Key,Reno 911!
Keegan-Michael Key,Real Time with Bill Maher
Keegan-Michael Key,Jimmy Kimmel Live!
Keegan-Michael Key,Samurai Jack
Keegan-Michael Key,The View
Keegan-Michael Key,MADtv
Keegan-Michael Key,ER
Keegan-Michael Key,Lunatics: A Love Story
Keegan-Michael Key,The Simpsons
Keegan-Michael Key,LIVE with Kelly and Mark
Keegan-Michael Key,MTV Video Music Awards
Keegan-Michael Key,Saturday Night Live
Keegan-Michael Key,Sesame Street
Calah Lane,Wonka
Calah Lane,The Day Shall Come
Calah Lane,Family Reunion
Calah Lane,This Is Us
